USE `ads_desk_test`;

INSERT INTO `country`
    (`id`, `name`)
VALUES (1, 'Беларусь');

INSERT INTO `region`
    (`id`, `name`, `country_id`)
VALUES (1, 'Брестская область', 1),
       (2, 'Витебская область', 1),
       (3, 'Гомельская область', 1),
       (4, 'Гродненская область', 1),
       (5, 'Минская область', 1),
       (6, 'Могилевская область', 1);

INSERT INTO `locality`
    (`id`, `name`, `region_id`)
VALUES (1, 'Минск', 5),
       (2, 'Могилев', 6),
       (3, 'Брест', 1),
       (4, 'Витебск', 2),
       (5, 'Гродно', 4),
       (6, 'Гомель', 3);

INSERT INTO `category`
    (`id`, `name`)
VALUES (1, 'Недвижимость'),
       (2, 'Авто и транспорт'),
       (3, 'Техника'),
       (4, 'Мода и стиль'),
       (5, 'Сад и огород');

INSERT INTO `category`
    (`id`, `name`, `parent_id`)
VALUES (6, '1-ная квартира', 1),
       (7, '2-ная квартира', 1),
       (8, '3-ная квартира', 1),
       (9, '4-ная квартира', 1),
       (10, 'Легковые авто', 2),
       (11, 'Грузовики', 2),
       (12, 'Автобусы', 2),
       (13, 'Мототехника', 2),
       (14, 'Аудиотехника', 3),
       (15, 'Компьютеры и комплектующие', 3),
       (16, 'Телефоны', 3),
       (17, 'ТВ и видеотехника', 3),
       (18, 'Мужская одежда', 4),
       (19, 'Женская одежда', 4),
       (20, 'Мужская обувь', 4),
       (21, 'Женская обувь', 4),
       (22, 'Мангалы', 5),
       (23, 'Теплицы', 5),
       (24, 'Садовая техника и инвентарь', 5),
       (25, 'Садовые аксессуары', 5);

INSERT INTO `user`
(`id`, `login`, `password`, `role`, `name`, `phone`, `register_date`, `status`,
 `email`)
VALUES (1, 'admin',
        '8c6976e5b5410415bde908bd4dee15dfb167a9c873fc4bb8a81f6f2ab448a918', 0,
        'Sergei', 375291111111, '2019-11-24 13:01:42',
        0, 'admin@gmail.com'),
       (2, 'user',
        '04f8996da763b7a969b1028ee3007569eaf3a635486ddab211d512c85b9df8fb', 1,
        'Sergei', 375291513645, '2019-11-24 13:03:43', 0,
        'user@gmail.com'),
       (3, 'test1',
        '5fc8e0faa224c788ffc83fc02400e9be58f8a0946c6dff3adb6902c6e786097f', 1,
        'Sergei', 375291897586, '2019-12-15 00:00:00',
        0, 'user1@gmail.com'),
       (4, 'test2',
        'b25ea70c3bf580e837ef00e331774a1041354a92dc3d990af7a929010104c7d7', 1,
        'Andrey', 375291855586, '2019-12-15 00:00:00',
        0, 'user2@gmail.com'),
       (5, 'test3',
        '113f714a09f9a7e06e53d8a33937169772d96fb77b584918610d8b22b87e932e', 1,
        'Alex', 375291897586, '2019-12-15 00:00:00',
        0, 'user3@gmail.com');


INSERT INTO `ads`
(`id`, `heading`, `text`, `price`, `state`, `bargain`, `register_date`,
 `locality_id`, `category_id`, `user_id`)
VALUES (1, '1-ная квартира с ремонтом',
        'Комфортная однокомнатная квартира с евро ремонтом', 80000, 0, 0,
        '2019-11-24 13:03:43', 1, 6, 2),
       (2, '2-ная квартира', 'Новая двухкомнатная квартира', 85000, 0, 1,
        '2019-11-24 13:03:43', 2, 7, 2),
       (3, 'Квартира (3-ная)', 'Старая трехкомнатная квартира', 90000, 0, 0,
        '2019-11-24 13:03:43', 3, 8, 2),
       (4, 'Квартира с 4мя комнатами', '4-ная квартира с ремонтов', 4, 0, 1,
        '2019-11-24 13:03:43', 4, 9, 2),
       (5, 'Ауди в хорошей состоянии',
        '10летняя ауди в хорошем состонии, один хозяин', 10000, 0, 0,
        '2019-11-24 13:03:43', 5, 10, 3),
       (6, 'Поддержанный грузовик', 'Грузовик в неплохом состоянии, 12 лет',
        33500, 0, 1, '2019-11-24 13:03:43', 6, 11, 3),
       (7, 'Желтый автобус', 'автобус, вмещающий 40 человек', 25000, 0, 0,
        '2019-11-24 13:03:43', 1, 12, 3),
       (8, 'Мотоцикл кавасаки', 'Мотоцикл в хорошем состоянии, 165 лошадей',
        5000, 0, 1, '2019-11-24 13:03:43', 2, 13, 4),
       (9, 'Домашний кинотеатр',
        'Неплохой домашний кинотеатр с двумя колонками', 400, 0, 0,
        '2019-11-24 13:03:43', 3, 14, 5),
       (10, '1 комната с уютной кухней',
        'Квартира с одной комнатой и большой кухней', 10, 0, 1,
        '2019-11-24 13:03:43', 4, 6, 4),
       (11, 'КВАРТИРА, 1 комната', 'Продается однокомнатная квартира', 11, 0, 0,
        '2019-11-24 13:03:43', 5, 6, 4),
       (12, 'Уютная 2ная квартира', 'Квартира недалеко от метро', 12, 0, 1,
        '2019-11-24 13:03:43', 6, 7, 4),
       (13, 'Квартира с ремонтом', '3х комнатная кваритар в спальном районе',
        13, 0, 0, '2019-11-24 13:03:43', 1, 8, 4),
       (14, '4 комнаты, квартира', 'Продается квартира с 4мя комнатами', 14, 0,
        1, '2019-11-24 13:03:43', 2, 9, 4),
       (15, 'Форд-фокус в отличном состоянии',
        'пробег 50000 км, не попадал в аварии', 8500, 0, 0,
        '2019-11-24 13:03:43', 3, 10, 5),
       (16, 'Небольшой грузовичок', 'небольшой грузовичок в хорошем состоянии',
        17000, 0, 1, '2019-11-24 13:03:43', 4, 11, 5),
       (17, 'Автобус для перевозки детей', 'вмещает 43 человека, 12 лет', 35000,
        0, 0, '2019-11-24 13:03:43', 5, 12, 5),
       (18, 'Старенький мотоцикл',
        'старенький мотоцикл, 50 лошадей, отдам недорого', 1500, 0, 1,
        '2019-11-24 13:03:43', 6, 13, 5),
       (19, 'Качественный колонки', 'Качественные колонки с хорошим звуком',
        120, 0, 0, '2019-11-24 13:03:43', 1, 14, 5),
       (20, 'Мощный компьютер',
        'современный компьютеры с 4хядерным процессором, видеокартой gigabyte 1060',
        1300, 0, 1, '2019-11-24 13:03:43', 2, 15, 5);

INSERT INTO `comment`
(`id`, `comment`, `added_datetime`, `user_id`, `ads_id`)
VALUES (1, 'Неплохая квартира', '2019-12-05 13:03:43', 2, 1),
       (2, 'Красивая', '2019-12-05 13:03:43', 2, 1),
       (3, 'Хороший ремонт', '2019-12-05 13:03:43', 2, 1),
       (4, 'Good!', '2019-12-05 13:03:43', 2, 1),
       (5, 'похожая планировка, неплохо', '2019-12-05 13:03:43', 2, 2),
       (6, 'красивая', '2019-12-05 13:03:43', 3, 2),
       (7, 'хочу такую', '2019-12-05 13:03:43', 3, 2),
       (8, 'а у меня такая', '2019-12-05 13:03:43', 4, 2),
       (9, 'строю такую', '2019-12-05 13:03:43', 4, 2),
       (10, 'дорого', '2019-12-05 13:03:43', 3, 3),
       (11, 'да не совсем и дорого', '2019-12-05 13:03:43', 3, 3),
       (12, 'много комнат, излишне', '2019-12-05 13:03:43', 3, 4),
       (13, 'была такая', '2019-12-05 13:03:43', 3, 5),
       (14, 'хотел бы такой, да дорого', '2019-12-05 13:03:43', 5, 6),
       (15, 'красивенький', '2019-12-05 13:03:43', 5, 7),
       (16, 'был такой', '2019-12-05 13:03:43', 5, 8),
       (17, 'ну такое', '2019-12-05 13:03:43', 5, 2),
       (18, 'нормальная цена', '2019-12-05 13:03:43', 5, 3),
       (19, 'кому как', '2019-12-05 13:03:43', 2, 4),
       (20, 'неплохая', '2019-12-05 13:03:43', 4, 5);